{
  "camera_size": {
    "width": 640,
    "height": 480
  },
  "projector_size": {
    "width": 1920,
    "height": 1080
  },
  "display": {
    "index": 0,
    "x": 0,
    "y": 0,
    "width": 1920,
    "height": 1080,
    "name": "\\\\.\\DISPLAY1",
    "is_primary": true
  },
  "camera_index": 1,
  "camera_to_projector": [
    [
      3.3721466005537675,
      -0.06311043605088211,
      -43.19100085269371
    ],
    [
      0.07412412778209143,
      3.1078425084518284,
      -254.1718992003691
    ],
    [
      6.217719634847803e-05,
      -2.8353151005006785e-05,
      1.0
    ]
  ],
  "projector_to_camera": [
    [
      0.2961473007170077,
      0.006144754804912189,
      14.352722316676346
    ],
    [
      -0.00858916779074205,
      0.32233626803594,
      81.55784667448023
    ],
    [
      -1.8657138836131408e-05,
      8.75718525599507e-06,
      1.0014200099087855
    ]
  ],
  "reprojection_rmse": 2.0936617851257324,
  "camera_jitter": 0.14790521562099457,
  "markers_used": [
    20,
    21,
    22,
    23,
    24,
    25
  ],
  "camera_fps": 30.00003000003,
  "metadata": {
    "consumer": "main.py demo"
  },
  "dictionary": "DICT_4X4_50",
  "version": 1,
  "created_at": "2026-07-18T04:30:39.034108+00:00"
}